Case Number,Classification,Date/Time Reported,Earliest Occurrence,Latest Occurrence,General Location,Disposition,scraped
19-000001,Driving Violation,1/1/2019 0029,1/1/2019 0029,1/1/2019 0029,Lincoln Way and Stanton Avenue,Arrest,2019-03-21
19-000002,Theft,1/5/2019 2212,1/5/2019 1800,1/5/2019 1800,Hilton Colesium,Report Initiated,2019-03-21
19-000004,Harassment,1/8/2019 1328,,,Online,Report Initiated,2019-03-21
19-000007,Vandalism,1/9/2019 1811,1/9/2019 1000,1/9/2019 1811,East Campus Parking Deck,Report Initiated,2019-03-21
19-000009,Harassment,1/10/2019 1508,,1/10/2019,Atanasoff Hall,Report Initiated,2019-03-21
19-000010,Driving Violation,1/10/2019 2054,1/10/2019 2054,1/10/2019 2054,Dickinson Avenue and Twain Circle,Cited,2019-03-21
19-000013,Hit and Run,1/12/2019 1309,1/12/2019 1200,1/12/2019 1309,Lot B2,Report Initiated,2019-03-21
19-000015,Hit and Run,1/12/2019 1947,,1/12/2019 1947,1405 Coconino Road,Report Initiated,2019-03-21
19-000016,Hit and Run,1/12/2019 2024,1/11/2019 1900,1/12/2019 1757,4800 Mortensen Road,Report Initiated,2019-03-21
19-000017,Public Intoxication,1/13/2019 0117,1/13/2019 0117,1/13/2019 0117,Lincoln Way and Wilmoth Avenue,Arrest,2019-03-21
19-000020,Drug Violation,1/14/2019 1816,1/14/2019 1816,1/14/2019 1816,Lot 61B,Arrest,2019-03-21
19-000024,Theft,1/15/2019 0958,12/17/2018,1/15/2019,Armory Building,Report Initiated,2019-03-21
19-000025,Driving Violation,1/15/2019 1619,1/15/2019 1619,1/15/2019 1619,Lincoln Way and North Dakota Avenue,Cited,2019-03-21
19-000026,Theft,1/15/2019 1649,1/15/2019 1530,1/15/2019 1630,University Village Laundry Mat,Report Initiated,2019-03-21
19-000027,Driving Violation,1/15/2019 2036,1/15/2019 2036,1/15/2019 2036,University Boulevard and US Hiway 30 Ramp,Cited,2019-03-21
19-000028,Drug Violation,1/15/2019 2317,1/15/2019 2317,1/15/2019 2317,Larch Hall,Arrest,2019-03-21
19-000031,Harassment,1/16/2019 1150,1/15/2019 1150,1/15/2019 1150,Mackay Hall,Report Initiated,2019-03-21
19-000034,Harassment,1/16/2019 1809,,1/16/2019 1809,Online,Report Initiated,2019-03-21
19-000035,Theft,1/16/2019 2013,1/15/2019 1650,1/15/2019 1745,University Village Laundry Mat,Report Initiated,2019-03-21
19-000036,OWI,1/16/2019 2250,1/16/2019 2250,1/16/2019 2250,Hayward Avenue and Mortensen Road,Arrest,2019-03-21
19-000037,Drug Violation,1/17/2019 2305,1/17/2019 2305,1/17/2019 2305,Lot 61B,Arrest,2019-03-21
19-000038,Alcohol Violation,1/17/2019 2227,1/17/2019 2227,1/17/2019 2227,Larch Hall,Cited,2019-03-21
19-000041,Public Intoxication,01/19/19 0148,01/19/19 0148,01/19/19 0148,223 Welch Avenue,Arrest,2019-03-19
19-000041,Public Intoxication,1/19/2019 0148,1/19/2019 0148,1/19/2019 0148,223 Welch Avenue,Arrest,2019-03-21
19-000042,Public Intoxication,01/19/19 0212,01/19/19 0212,01/19/19 0212,Chamberlain Street and Welch Avenue,Arrest,2019-03-19
19-000042,Public Intoxication,1/19/2019 0212,1/19/2019 0212,1/19/2019 0212,Chamberlain Street and Welch Avenue,Arrest,2019-03-21
19-000043,Driving Violation,01/20/19 0057,01/20/19 0057,01/20/19 0057,Beach Road and Lincoln Way,Arrest,2019-03-19
19-000043,Driving Violation,1/20/2019 0057,1/20/2019 0057,1/20/2019 0057,Beach Road and Lincoln Way,Arrest,2019-03-21
19-000044,Public Intoxication,01/20/19 0118,01/20/19 0118,01/20/19 0118,Linden Hall,Arrest,2019-03-19
19-000044,Public Intoxication,1/20/2019 0118,1/20/2019 0118,1/20/2019 0118,Linden Hall,Arrest,2019-03-21
19-000045,Criminal Mischief,01/20/19 0250,,01/20/19 0250,Friley Hall,Report Initiated,2019-03-19
19-000045,Criminal Mischief,1/20/2019 0250,,1/20/2019 0250,Friley Hall,Report Initiated,2019-03-21
19-000046,Criminal Mischief,01/20/19 1337,01/18/19 1900,01/19/19 1900,Lot 63,Report Initiated,2019-03-19
19-000046,Criminal Mischief,1/20/2019 1337,1/18/2019 1900,1/19/2019 1900,Lot 63,Report Initiated,2019-03-21
19-000048,Public Intoxication,01/20/19 2225,01/20/19 2225,01/20/19 2225,Lincoln Way and Morrill Road,Arrest,2019-03-19
19-000048,Public Intoxication,1/20/2019 2225,1/20/2019 2225,1/20/2019 2225,Lincoln Way and Morrill Road,Arrest,2019-03-21
19-000051,Drug Violation,01/21/19 1611,01/21/19 1611,01/21/19 1611,42 Frederiksen Court,Arrest,2019-03-19
19-000051,Drug Violation,1/21/2019 1611,1/21/2019 1611,1/21/2019 1611,42 Frederiksen Court,Arrest,2019-03-21
19-000052,Theft,01/22/19 0117,01/22/19 0005,01/22/19 0105,University Village Laundry Mat,Report Initiated,2019-03-19
19-000052,Theft,1/22/2019 0117,1/22/2019 0005,1/22/2019 0105,University Village Laundry Mat,Report Initiated,2019-03-21
19-000055,Theft,01/22/19 1603,01/22/19 1300,01/22/19 1400,Atanasoff Hall,Recovered,2019-03-19
19-000055,Theft,1/22/2019 1603,1/22/2019 1300,1/22/2019 1400,Atanasoff Hall,Recovered,2019-03-21
19-000056,Theft,01/23/19 1125,,,Troxel Hall,Recovered,2019-03-19
19-000056,Theft,1/23/2019 1125,,,Troxel Hall,Recovered,2019-03-21
19-000058,Fraud,01/23/19 1459,01/23/19 0945,01/23/19 1459,Wilson Hall,Report Initiated,2019-03-19
19-000058,Fraud,1/23/2019 1459,1/23/2019 0945,1/23/2019 1459,Wilson Hall,Report Initiated,2019-03-21
19-000061,Theft,1/13/2019 1758,,,Ames Intermodal Facility,Report Initiated,2019-03-21
19-000063,Drug Violation/Alcohol Violation,01/23/19 2255,01/23/19 2255,01/23/19 2255,Welch Hall,Arrest,2019-03-19
19-000063,Drug Violation/Alcohol Violation,1/23/2019 2255,1/23/2019 2255,1/23/2019 2255,Welch Hall,Arrest,2019-03-21
19-000064,Driving Violation/Drug Violation,01/25/19 0121,01/25/19 0121,01/25/19 0121,Chamberlain Street and Hayward Avenue,Arrest,2019-03-19
19-000064,Driving Violation/Drug Violation,1/25/2019 0121,1/25/2019 0121,1/25/2019 0121,Chamberlain Street and Hayward Avenue,Arrest,2019-03-21
19-000065,Driving Violation,01/25/19 0250,01/25/19 0250,01/25/19 0250,Franklin Avenue and Lincoln Way,Cited,2019-03-19
19-000065,Driving Violation,1/25/2019 0250,1/25/2019 0250,1/25/2019 0250,Franklin Avenue and Lincoln Way,Cited,2019-03-21
19-000066,Criminal Mischief,01/25/19 1140,,01/24/19 1200,Eaton Hall,Report Initiated,2019-03-19
19-000066,Criminal Mischief,1/25/2019 1140,,1/24/2019 1200,Eaton Hall,Report Initiated,2019-03-21
19-000067,Criminal Mischief,01/25/19 1512,01/25/19 1220,01/25/19 1305,University Village Laundry Mat,Report Initiated,2019-03-19
19-000067,Criminal Mischief,1/25/2019 1512,1/25/2019 1220,1/25/2019 1305,University Village Laundry Mat,Report Initiated,2019-03-21
19-000068,Hit and Run,01/25/19 1518,,01/25/19 1456,Lot 100,Report Initiated,2019-03-19
19-000068,Hit and Run,1/25/2019 1518,,1/25/2019 1456,Lot 100,Report Initiated,2019-03-21
19-000070,Driving Violation,01/25/19 2234,01/25/19 2234,01/25/19 2234,2430 Lincoln Way,Arrest,2019-03-19
19-000070,Driving Violation,1/25/2019 2234,1/25/2019 2234,1/25/2019 2234,2430 Lincoln Way,Arrest,2019-03-21
19-000072,Harassment,01/26/19 1109,01/24/19 0000,01/26/19 0000,Various Locations,Report Initiated,2019-03-19
19-000072,Harassment,1/26/2019 1109,1/24/2019,1/26/2019,Various Locations,Report Initiated,2019-03-21
19-000077,Drug Violation,01/29/19 1336,01/29/19 1336,01/29/19 1336,Maple Hall,Arrest,2019-03-19
19-000077,Drug Violation,1/29/2019 1336,1/29/2019 1336,1/29/2019 1336,Maple Hall,Arrest,2019-03-21
19-000078,Drug Violation,01/29/19 2223,01/29/19 2223,01/29/19 2223,Buchanan Hall,Arrest,2019-03-19
19-000078,Drug Violation,1/29/2019 2223,1/29/2019 2223,1/29/2019 2223,Buchanan Hall,Arrest,2019-03-21
19-000080,Harassment,01/30/19 0838,01/29/19 1703,01/29/19 1947,Student Services Building,Report Initiated,2019-03-19
19-000080,Harassment,1/30/2019 0838,1/29/2019 1703,1/29/2019 1947,Student Services Building,Report Initiated,2019-03-21
19-000081,Theft,01/30/19 1244,01/11/19 0000,01/12/19 0000,University Village Laundry Mat,Report Initiated,2019-03-19
19-000081,Theft,1/30/2019 1244,1/11/2019,1/12/2019,University Village Laundry Mat,Report Initiated,2019-03-21
19-000083,Harassment,01/30/19 1945,01/23/19 0000,01/30/19 0000,Wallace Hall,Report Initiated,2019-03-19
19-000083,Harassment,1/30/2019 1945,1/23/2019,1/30/2019,Wallace Hall,Report Initiated,2019-03-21
19-000084,Harassment,01/30/19 2132,01/30/19 2132,01/30/19 2132,53 Frederiksen Court,Arrest,2019-03-19
19-000084,Harassment,1/30/2019 2132,1/30/2019 2132,1/30/2019 2132,53 Frederiksen Court,Arrest,2019-03-21
19-000086,Drug Violation,01/31/19 0042,01/31/19 0042,01/31/19 0042,Hunt Street and South Sheldon Street,Arrest,2019-03-19
19-000086,Drug Violation,1/31/2019 0042,1/31/2019 0042,1/31/2019 0042,Hunt Street and South Sheldon Street,Arrest,2019-03-21
19-000088,Theft,01/31/19 1656,01/30/19 1436,01/30/19 1436,Memorial Union,Report Initiated,2019-03-19
19-000088,Theft,1/31/2019 1656,1/30/2019 1436,1/30/2019 1436,Memorial Union,Report Initiated,2019-03-21
19-000089,Fraud,01/31/19 1611,01/30/19 0000,01/30/19 0000,Buchanan Hall,Report Initiated,2019-03-19
19-000089,Fraud,1/31/2019 1611,1/30/2019,1/30/2019,Buchanan Hall,Report Initiated,2019-03-21
19-000092,Hit and Run,02/01/19 1543,01/29/19 0000,02/01/19 0000,Lot 1,Report Initiated,2019-03-19
19-000092,Hit and Run,2/1/2019 1543,1/29/2019,2/1/2019,Lot 1,Report Initiated,2019-03-21
19-000093,Drug Violation,02/01/19 2129,02/01/19 2129,02/01/19 2129,Lot 63,Arrest,2019-03-19
19-000093,Drug Violation,2/1/2019 2129,2/1/2019 2129,2/1/2019 2129,Lot 63,Arrest,2019-03-21
19-000094,Harassment,02/02/19 2305,02/01/19 0000,02/02/19 0000,Buchanan Hall,Report Initiated,2019-03-19
19-000094,Harassment,2/2/2019 2305,2/1/2019,2/2/2019,Buchanan Hall,Report Initiated,2019-03-21
19-000096,Drug Violation,02/03/19 0132,02/03/19 0132,02/03/19 0132,13th Street and Hyland,Arrest,2019-03-19
19-000096,Drug Violation,2/3/2019 0132,2/3/2019 0132,2/3/2019 0132,13th Street and Hyland,Arrest,2019-03-21
19-000102,Hit and Run,02/04/19 1154,02/01/19 0800,02/04/19 1154,Lot 60,Report Initiated,2019-03-19
19-000102,Hit and Run,2/4/2019 1154,2/1/2019 0800,2/4/2019 1154,Lot 60,Report Initiated,2019-03-21
19-000103,Theft,02/04/19 1235,02/01/19 0000,02/04/19 1235,Legacy Tower,Report Initiated,2019-03-19
19-000103,Theft,2/4/2019 1235,2/1/2019,2/4/2019 1235,Legacy Tower,Report Initiated,2019-03-21
19-000103,Theft,2/4/2019 1235,2/1/2019 ,2/4/2019 1235,Legacy Tower,Report Initiated,2019-04-08
19-000104,Hit and Run,02/04/19 1341,01/27/19 0000,02/01/19 0000,Lot 112A,Report Initiated,2019-03-19
19-000104,Hit and Run,2/4/2019 1341,1/27/2019,2/1/2019,Lot 112A,Report Initiated,2019-03-21
19-000104,Hit and Run,2/4/2019 1341,1/27/2019 ,2/1/2019 ,Lot 112A,Report Initiated,2019-04-08
19-000108,Criminal Mischief,02/05/19 1242,02/05/19 0745,02/05/19 1242,Lot B6,Report Initiated,2019-03-19
19-000108,Criminal Mischief,2/5/2019 1242,2/5/2019 0745,2/5/2019 1242,Lot B6,Report Initiated,2019-03-21
19-000109,Theft,02/05/19 1304,02/05/19 1100,02/05/19 1304,University Bookstore,Arrest,2019-03-19
19-000109,Theft,2/5/2019 1304,2/5/2019 1100,2/5/2019 1304,University Bookstore,Arrest,2019-03-21
19-000110,Harassment,02/05/19 1412,,,Armory Building,Report Initiated,2019-03-19
19-000110,Harassment,2/5/2019 1412,,,Armory Building,Report Initiated,2019-03-21
19-000110,Harassment,2/5/2019 1412, , ,Armory Building,Report Initiated,2019-04-08
19-000111,Hit and Run,02/05/19 1551,02/05/19 1100,02/05/19 1100,Lot 21,Report Initiated,2019-03-19
19-000111,Hit and Run,2/5/2019 1551,2/5/2019 1100,2/5/2019 1100,Lot 21,Report Initiated,2019-03-21
19-000114,Fraud,02/05/19 1856,02/05/19 0000,02/05/19 0000,Geoffroy Hall,Report Initiated,2019-03-19
19-000114,Fraud,2/5/2019 1856,2/5/2019,2/5/2019,Geoffroy Hall,Report Initiated,2019-03-21
19-000114,Fraud,2/5/2019 1856,2/5/2019 ,2/5/2019 ,Geoffroy Hall,Report Initiated,2019-04-08
19-000115,Disorderly Conduct,02/05/19 1741,,02/05/19 1741,22 Frederiksen Court,Report Initiated,2019-03-19
19-000115,Disorderly Conduct,2/5/2019 1741,,2/5/2019 1741,22 Frederiksen Court,Report Initiated,2019-03-21
19-000115,Disorderly Conduct,2/5/2019 1741, ,2/5/2019 1741,22 Frederiksen Court,Report Initiated,2019-04-08
19-000116,Harassment,02/05/19 2043,,02/05/19 2043,Friley Hall,Report Initiated,2019-03-19
19-000116,Harassment,2/5/2019 2043,,2/5/2019 2043,Friley Hall,Closed,2019-04-05
19-000116,Harassment,2/5/2019 2043,,2/5/2019 2043,Friley Hall,Report Initiated,2019-03-21
19-000116,Harassment,2/5/2019 2043, ,2/5/2019 2043,Friley Hall,Closed,2019-04-08
19-000118,Assault,02/06/19 0943,02/05/19 0000,02/05/19 0000,35 Frederiksen Court,Report Initiated,2019-03-19
19-000118,Assault,2/6/2019 0943,2/5/2019 0000,2/5/2019 0000,35 Frederiksen Court,Report Initiated,2019-03-21
19-000120,Hit and Run,02/06/19 1725,,02/06/19 1725,Lot 57,Report Initiated,2019-03-19
19-000120,Hit and Run,2/6/2019 1725,,2/6/2019 1725,Lot 57,Report Initiated,2019-03-21
19-000120,Hit and Run,2/6/2019 1725, ,2/6/2019 1725,Lot 57,Report Initiated,2019-04-08
19-000122,Theft,02/06/19 2040,02/06/19 1940,02/06/19 2015,University Village Laundry Mat,Report Initiated,2019-03-19
19-000122,Theft,2/6/2019 2040,2/6/2019 1940,2/6/2019 2015,University Village Laundry Mat,Report Initiated,2019-03-21
19-000123,Sexual Assault,02/07/19 0035,,02/07/19 0035,University Village,Report Initiated,2019-03-19
19-000123,Sexual Assault,2/7/2019 0035,,2/7/2019 0035,University Village,Report Initiated,2019-03-21
19-000123,Sexual Assault,2/7/2019 0035, ,2/7/2019 0035,University Village,Report Initiated,2019-04-08
19-000125,Fraud,02/07/19 1519,02/07/19 1513,02/07/19 1513,Wilson Hall,Report Initiated,2019-03-19
19-000125,Fraud,2/7/2019 1519,2/7/2019 1513,2/7/2019 1513,Wilson Hall,Report Initiated,2019-03-21
19-000126,Drug Violation,02/07/19 1912,02/07/19 1912,02/07/19 1912,Helser Hall,Arrest,2019-03-19
19-000126,Drug Violation,2/7/2019 1912,2/7/2019 1912,2/7/2019 1912,Helser Hall,Arrest,2019-03-21
19-000129,Harassment,02/07/19 2000,,02/07/19 2000,Buchanan Hall,Report Initiated,2019-03-19
19-000129,Harassment,2/7/2019 2000,,2/7/2019 2000,Buchanan Hall,Report Initiated,2019-03-21
19-000129,Harassment,2/7/2019 2000, ,2/7/2019 2000,Buchanan Hall,Report Initiated,2019-04-08
19-000130,Theft,02/08/19 0936,02/04/19 1246,02/04/19 1246,University Bookstore,Arrest,2019-03-19
19-000130,Theft,2/8/2019 0936,2/4/2019 1246,2/4/2019 1246,University Bookstore,Arrest,2019-03-21
19-000131,Theft,02/08/19 0939,10/12/18 0000,02/04/19 0000,University Bookstore,Arrest,2019-03-19
19-000131,Theft,2/8/2019 0939,10/12/2018,2/4/2019,University Bookstore,Arrest,2019-03-21
19-000131,Theft,2/8/2019 0939,10/12/2018 ,2/4/2019 ,University Bookstore,Arrest,2019-04-08
19-000132,Theft,02/08/19 1111,02/08/19 1045,02/08/19 1045,University Bookstore,Report Initiated,2019-03-19
19-000132,Theft,2/8/2019 1111,2/8/2019 1045,2/8/2019 1045,University Bookstore,Report Initiated,2019-03-21
19-000133,Hit and Run,02/08/19 1711,02/08/19 1700,02/08/19 1700,Lot 62,Report Initiated,2019-03-19
19-000133,Hit and Run,2/8/2019 1711,2/8/2019 1700,2/8/2019 1700,Lot 62,Report Initiated,2019-03-21
19-000134,Alcohol Violation,02/08/19 2246,02/08/19 2246,02/08/19 2246,Gable Lane and Gray Avenue,Arrest,2019-03-19
19-000134,Alcohol Violation,2/8/2019 2246,2/8/2019 2246,2/8/2019 2246,Gable Lane and Gray Avenue,Arrest,2019-03-21
19-000141,Theft,02/09/19 1624,01/14/19 0000,01/31/19 0000,University Bookstore,Arrest,2019-03-19
19-000141,Theft,2/9/2019 1624,1/14/2019,1/31/2019,University Bookstore,Arrest,2019-03-21
19-000141,Theft,2/9/2019 1624,1/14/2019 ,1/31/2019 ,University Bookstore,Arrest,2019-04-08
19-000142,OWI,02/10/19 0124,02/10/19 0124,02/10/19 0124,Ash Avenue and Knapp Street,Arrest,2019-03-19
19-000142,OWI,2/10/2019 0124,2/10/2019 0124,2/10/2019 0124,Ash Avenue and Knapp Street,Arrest,2019-03-21
19-000150,Theft,02/11/19 0915,02/09/19 0000,02/09/19 0000,University Village Laundry Mat,Report Initiated,2019-03-19
19-000150,Theft,2/11/2019 0915,2/9/2019,2/9/2019,University Village Laundry Mat,Report Initiated,2019-03-21
19-000150,Theft,2/11/2019 0915,2/9/2019 ,2/9/2019 ,University Village Laundry Mat,Report Initiated,2019-04-08
19-000154,Theft,02/11/19 2117,02/11/19 1820,02/11/19 2040,Lied Recreation Center,Recovered,2019-03-19
19-000154,Theft,2/11/2019 2117,2/11/2019 1820,2/11/2019 2040,Lied Recreation Center,Recovered,2019-03-21
19-000157,Harassment,02/12/19 1429,,,302 Ash Avenue,Report Initiated,2019-03-19
19-000157,Harassment,2/12/2019 1429,,,302 Ash Avenue,Report Initiated,2019-03-21
19-000157,Harassment,2/12/2019 1429, , ,302 Ash Avenue,Report Initiated,2019-04-08
19-000159,Driving Violation,02/13/19 0032,02/13/19 0032,02/13/19 0032,Hayward Avenue and Lincoln Way,Arrest,2019-03-19
19-000159,Driving Violation,2/13/2019 0032,2/13/2019 0032,2/13/2019 0032,Hayward Avenue and Lincoln Way,Arrest,2019-03-21
19-000160,Outstanding Warrant,02/13/19 0059,02/13/19 0059,02/13/19 0059,Hayward Avenue and Lincoln Way,Arrest,2019-03-19
19-000163,Fraud,02/13/19 1511,02/13/19 1330,02/13/19 1330,Wilson Hall,Report Initiated,2019-03-19
19-000163,Fraud,2/13/2019 1511,2/13/2019 1330,2/13/2019 1330,Wilson Hall,Report Initiated,2019-03-21
19-000166,Hit and Run,02/14/19 1139,,02/14/19 1139,Lot 59E,Report Initiated,2019-03-19
19-000166,Hit and Run,2/14/2019 1139,,2/14/2019 1139,Lot 59E,Report Initiated,2019-03-21
19-000166,Hit and Run,2/14/2019 1139, ,2/14/2019 1139,Lot 59E,Report Initiated,2019-04-08
19-000168,OWI,02/15/19 0219,02/15/19 0219,02/15/19 0219,Bruner Drive and Long Road,Arrest,2019-03-19
19-000168,OWI,2/15/2019 0219,2/15/2019 0219,2/15/2019 0219,Bruner Drive and Long Road,Arrest,2019-03-21
19-000178,Alcohol Violation,02/17/19 2106,02/17/19 2106,02/17/19 2106,Buchanan Hall,Cited,2019-03-19
19-000178,Alcohol Violation,2/17/2019 2106,2/17/2019 2106,2/17/2019 2106,Buchanan Hall,Cited,2019-03-21
19-000179,Drug Violation,02/18/19 0011,02/18/19 0011,02/18/19 0011,Buchanan Hall,Arrest,2019-03-19
19-000179,Drug Violation,2/18/2019 0011,2/18/2019 0011,2/18/2019 0011,Buchanan Hall,Arrest,2019-03-21
19-000181,Harassment,02/18/19 1515,,02/18/19 1515,Sukup Hall,Report Initiated,2019-03-19
19-000181,Harassment,2/18/2019 1515,,2/18/2019 1515,Sukup Hall,Report Initiated,2019-03-21
19-000181,Harassment,2/18/2019 1515, ,2/18/2019 1515,Sukup Hall,Report Initiated,2019-04-08
19-000182,Harassment,02/18/19 2342,,02/18/19 2342,Wilson Hall,Report Initiated,2019-03-19
19-000182,Harassment,2/18/2019 2342,,2/18/2019 2342,Wilson Hall,Report Initiated,2019-03-21
19-000182,Harassment,2/18/2019 2342, ,2/18/2019 2342,Wilson Hall,Report Initiated,2019-04-08
19-000185,Drug Violation,02/19/19 1713,02/19/19 1713,02/19/19 1713,Larch Hall,Arrest,2019-03-19
19-000185,Drug Violation,2/19/2019 1713,2/19/2019 1713,2/19/2019 1713,Larch Hall,Arrest,2019-03-21
19-000186,Drug Violation,02/19/19 1750,02/19/19 1750,02/19/19 1750,Willow Hall,Arrest,2019-03-19
19-000186,Drug Violation,2/19/2019 1750,2/19/2019 1750,2/19/2019 1750,Willow Hall,Arrest,2019-03-21
19-000187,Drug Violation,02/19/19 1914,02/19/19 1914,02/19/19 1914,Martin Hall,Arrest,2019-03-19
19-000187,Drug Violation,2/19/2019 1914,2/19/2019 1914,2/19/2019 1914,Martin Hall,Arrest,2019-03-21
19-000197,Hit and Run,02/22/19 1206,02/22/19 1206,02/22/19 1206,13th Street and Haber Road,Report Initiated,2019-03-19
19-000197,Hit and Run,2/22/2019 1206,2/22/2019 1206,2/22/2019 1206,13th Street and Haber Road,Report Initiated,2019-03-21
19-000200,Reckless Driving,02/23/19 0435,,02/23/19 0435,3800 Lincoln Way,Report Initiated,2019-03-19
19-000200,Reckless Driving,2/23/2019 0435,,2/23/2019 0435,3800 Lincoln Way,Report Initiated,2019-03-21
19-000200,Reckless Driving,2/23/2019 0435, ,2/23/2019 0435,3800 Lincoln Way,Report Initiated,2019-04-08
19-000201,Theft,02/23/19 1413,02/22/19 2030,02/23/19 1413,33 Frederiksen Court,Report Initiated,2019-03-19
19-000201,Theft,2/23/2019 1413,2/22/2019 2030,2/23/2019 1413,33 Frederiksen Court,Report Initiated,2019-03-21
19-000202,Fraud,02/23/19 1450,,02/23/19 1450,Wilson Hall,Report Initiated,2019-03-19
19-000202,Fraud,2/23/2019 1450,,2/23/2019 1450,Wilson Hall,Report Initiated,2019-03-21
19-000202,Fraud,2/23/2019 1450, ,2/23/2019 1450,Wilson Hall,Report Initiated,2019-04-08
19-000204,Harassment,02/23/19 2013,02/09/19 0000,03/24/19 0000,Wilson Hall,Report Initiated,2019-03-19
19-000204,Harassment,2/23/2019 2013,2/9/2019,3/24/2019,Wilson Hall,Report Initiated,2019-03-21
19-000204,Harassment,2/23/2019 2013,2/9/2019 ,3/24/2019 ,Wilson Hall,Report Initiated,2019-04-08
19-000205,Drug Violation,02/24/19 0236,02/24/19 0236,02/24/19 0236,Welch Hall,Report Initiated,2019-03-19
19-000205,Drug Violation,2/24/2019 0236,2/24/2019 0236,2/24/2019 0236,Welch Hall,Report Initiated,2019-03-21
19-000207,Theft,02/25/19 0110,02/24/19 2220,02/25/19 0050,University Village Laundry Mat,Report Initiated,2019-03-19
19-000207,Theft,2/25/2019 0110,2/24/2019 2220,2/25/2019 0050,University Village Laundry Mat,Report Initiated,2019-03-21
19-000212,Harassment,02/25/19 2144,,02/25/19 2144,Geoffroy Hall,Report Initiated,2019-03-19
19-000212,Harassment,2/25/2019 2144,,2/25/2019 2144,Geoffroy Hall,Report Initiated,2019-03-21
19-000212,Harassment,2/25/2019 2144, ,2/25/2019 2144,Geoffroy Hall,Report Initiated,2019-04-08
19-000213,Drug Violation,02/26/19 0114,02/26/19 0114,02/26/19 0114,Hayward Avenue and Knapp Street,Arrest,2019-03-19
19-000213,Drug Violation,2/26/2019 0114,2/26/2019 0114,2/26/2019 0114,Hayward Avenue and Knapp Street,Arrest,2019-03-21
19-000215,Theft,02/26/19 0750,02/25/19 1540,02/26/19 0750,Lied Recreation Center,Unfounded,2019-03-19
19-000215,Theft,2/26/2019 0750,2/25/2019 1540,2/26/2019 0750,Lied Recreation Center,Unfounded,2019-03-21
19-000225,Drug Violation,02/27/19 1456,02/27/19 1456,02/27/19 1456,Birch Hall,Arrest,2019-03-19
19-000225,Drug Violation,2/27/2019 1456,2/27/2019 1456,2/27/2019 1456,Birch Hall,Arrest,2019-03-21
19-000226,Harassment,02/27/19 1510,,,Armory Building,Report Initiated,2019-03-19
19-000226,Harassment,2/27/2019 1510,,,Armory Building,Report Initiated,2019-03-21
19-000226,Harassment,2/27/2019 1510, , ,Armory Building,Report Initiated,2019-04-08
19-000227,Driving Violation,02/27/19 1841,02/27/19 1841,02/27/19 1841,Colorado Avenue and Lincoln Way,Arrest,2019-03-19
19-000227,Driving Violation,2/27/2019 1841,2/27/2019 1841,2/27/2019 1841,Colorado Avenue and Lincoln Way,Arrest,2019-03-21
19-000228,Hit and Run,02/28/19 1718,02/28/19 1718,02/28/19 1718,2400 Block Pammel Drive,Report Initiated,2019-03-19
19-000228,Hit and Run,2/28/2019 1718,2/28/2019 1718,2/28/2019 1718,2400 Block Pammel Drive,Report Initiated,2019-03-21
19-000229,Hit and Run,02/28/19 1919,,02/28/19 1919,Memorial Union Parking Ramp,Report Initiated,2019-03-19
19-000229,Hit and Run,2/28/2019 1919,,2/28/2019 1919,Memorial Union Parking Ramp,Report Initiated,2019-03-21
19-000229,Hit and Run,2/28/2019 1919, ,2/28/2019 1919,Memorial Union Parking Ramp,Report Initiated,2019-04-08
19-000230,Public Intoxication,03/01/19 0112,03/01/19 0112,03/01/19 0112,200 Block Stanton Avenue,Arrest,2019-03-19
19-000230,Public Intoxication,3/1/2019 0112,3/1/2019 0112,3/1/2019 0112,200 Block Stanton Avenue,Arrest,2019-03-21
19-000231,Public Intoxication,03/01/19 0212,03/01/19 0212,03/01/19 0212,Hayward Avenue and Lincoln Way,Arrest,2019-03-19
19-000231,Public Intoxication,3/1/2019 0212,3/1/2019 0212,3/1/2019 0212,Hayward Avenue and Lincoln Way,Arrest,2019-03-21
19-000232,Harassment,03/01/19 0946,02/28/19 1454,03/01/19 0754,Friley Hall,Report Initiated,2019-03-19
19-000232,Harassment,3/1/2019 0946,2/28/2019 1454,3/1/2019 0754,Friley Hall,Report Initiated,2019-03-21
19-000233,Theft,03/01/19 1344,02/27/19 0000,03/01/19 0000,Buchanan Hall,Report Initiated,2019-03-19
19-000233,Theft,3/1/2019 1344,2/27/2019,3/1/2019,Buchanan Hall,Report Initiated,2019-03-21
19-000233,Theft,3/1/2019 1344,2/27/2019 ,3/1/2019 ,Buchanan Hall,Report Initiated,2019-04-08
19-000234,Theft,03/01/19 1400,,03/01/19 1400,Buchanan Hall,Report Initiated,2019-03-19
19-000234,Theft,3/1/2019 1400,,3/1/2019 1400,Buchanan Hall,Report Initiated,2019-03-21
19-000234,Theft,3/1/2019 1400, ,3/1/2019 1400,Buchanan Hall,Report Initiated,2019-04-08
19-000236,Alcohol Violation,03/01/19 2241,03/01/19 2241,03/01/19 2241,Ash Avenue and Knapp Street,Arrest,2019-03-19
19-000236,Alcohol Violation,3/1/2019 2241,3/1/2019 2241,3/1/2019 2241,Ash Avenue and Knapp Street,Arrest,2019-03-21
19-000237,Public Intoxication,03/01/19 2256,03/01/19 2256,03/01/19 2256,Ash Avenue and Lincoln Way,Arrest,2019-03-19
19-000237,Public Intoxication,3/1/2019 2256,3/1/2019 2256,3/1/2019 2256,Ash Avenue and Lincoln Way,Arrest,2019-03-21
19-000238,Driving Violation,03/02/19 0034,03/02/19 0034,03/02/19 0034,S. 16th Street and University Boulevard,Arrest,2019-03-19
19-000238,Driving Violation,3/2/2019 0034,3/2/2019 0034,3/2/2019 0034,S. 16th Street and University Boulevard,Arrest,2019-03-21
19-000240,Public Intoxication,03/02/19 0145,03/02/19 0145,03/02/19 0145,Wilson Hall,Arrest,2019-03-19
19-000240,Public Intoxication,3/2/2019 0145,3/2/2019 0145,3/2/2019 0145,Wilson Hall,Arrest,2019-03-21
19-000241,Public Intoxication,03/02/19 0143,03/02/19 0143,03/02/19 0143,119 Stanton Avenue,Arrest,2019-03-19
19-000241,Public Intoxication,3/2/2019 0143,3/2/2019 0143,3/2/2019 0143,119 Stanton Avenue,Arrest,2019-03-21
19-000243,Public Intoxication,03/02/19 0258,03/02/19 0258,03/02/19 0258,119 Stanton Avenue,Arrest,2019-03-19
19-000243,Public Intoxication,3/2/2019 0258,3/2/2019 0258,3/2/2019 0258,119 Stanton Avenue,Arrest,2019-03-21
19-000244,Criminal Mischief,03/02/19 0711,,03/02/19 0711,Beyer Court and Union Drive,Report Initiated,2019-03-19
19-000244,Criminal Mischief,3/2/2019 0711,,3/2/2019 0711,Beyer Court and Union Drive,Report Initiated,2019-03-21
19-000244,Criminal Mischief,3/2/2019 0711, ,3/2/2019 0711,Beyer Court and Union Drive,Report Initiated,2019-04-08
19-000245,Theft,03/02/19 1313,02/28/19 1100,03/02/19 1130,169 University Village,Report Initiated,2019-03-19
19-000245,Theft,3/2/2019 1313,2/28/2019 1100,3/2/2019 1130,169 University Village,Report Initiated,2019-03-21
19-000247,Harassment,03/03/19 0201,,03/03/19 0201,Friley Hall,Report Initiated,2019-03-19
19-000247,Harassment,3/3/2019 0201,,3/3/2019 0201,Friley Hall,Report Initiated,2019-03-21
19-000247,Harassment,3/3/2019 0201, ,3/3/2019 0201,Friley Hall,Report Initiated,2019-04-08
19-000249,Drug Violation,03/03/19 1804,03/03/19 1804,03/03/19 1804,Birch Hall,Arrest,2019-03-19
19-000249,Drug Violation,3/3/2019 1804,3/3/2019 1804,3/3/2019 1804,Birch Hall,Arrest,2019-03-21
19-000252,Harassment,03/04/19 1614,,03/04/19 1614,71 Frederiksen Court,Report Initiated,2019-03-19
19-000252,Harassment,3/4/2019 1614,,3/4/2019 1614,71 Frederiksen Court,Report Initiated,2019-03-21
19-000252,Harassment,3/4/2019 1614, ,3/4/2019 1614,71 Frederiksen Court,Report Initiated,2019-04-08
19-000255,Public Intoxication,03/07/19 0050,03/07/19 0050,03/07/19 0050,2642 Union Drive,Arrest,2019-03-19
19-000255,Public Intoxication,3/7/2019 0050,3/7/2019 0050,3/7/2019 0050,2642 Union Drive,Arrest,2019-03-21
19-000258,Hit and Run,03/07/19 1334,,03/07/19 1334,Lot 3,Report Initiated,2019-03-19
19-000258,Hit and Run,3/7/2019 1334,,3/7/2019 1334,Lot 3,Report Initiated,2019-03-21
19-000258,Hit and Run,3/7/2019 1334, ,3/7/2019 1334,Lot 3,Report Initiated,2019-04-08
19-000259,Criminal Mischief,03/07/19 1422,,03/04/19 1600,Lot 112J,Report Initiated,2019-03-19
19-000259,Criminal Mischief,3/7/2019 1422,,3/4/2019 1600,Lot 112J,Report Initiated,2019-03-21
19-000259,Criminal Mischief,3/7/2019 1422, ,3/4/2019 1600,Lot 112J,Report Initiated,2019-04-08
19-000260,Public Intoxication,03/07/19 2018,03/07/19 2018,03/07/19 2018,Lagomarcino Hall,Arrest,2019-03-19
19-000260,Public Intoxication,3/7/2019 2018,3/7/2019 2018,3/7/2019 2018,Lagomarcino Hall,Arrest,2019-03-21
19-000261,Harassment,03/07/19 2259,,,,Report Initiated,2019-03-19
19-000261,Harassment,3/7/2019 2259,,,,Report Initiated,2019-03-21
19-000261,Harassment,3/7/2019 2259, , ,,Report Initiated,2019-04-08
19-000262,Public Intoxication,03/08/19 0124,03/08/19 0124,03/08/19 0124,Chamberlain Street and Stanton Avenue,Arrest,2019-03-19
19-000262,Public Intoxication,3/8/2019 0124,3/8/2019 0124,3/8/2019 0124,Chamberlain Street and Stanton Avenue,Arrest,2019-03-21
19-000263,Harassment,03/07/19 1330,03/29/18 0000,03/29/18 0000,Wilson Hall,Report Initiated,2019-03-19
19-000263,Harassment,3/7/2019 1330,3/29/2018,3/29/2018,Wilson Hall,Report Initiated,2019-03-21
19-000263,Harassment,3/7/2019 1330,3/29/2018 ,3/29/2018 ,Wilson Hall,Report Initiated,2019-04-08
19-000265,Criminal Mischief,03/08/19 1455,03/08/19 1030,03/08/19 1455,Lot 67,Report Initiated,2019-03-19
19-000265,Criminal Mischief,3/8/2019 1455,3/8/2019 1030,3/8/2019 1455,Lot 67,Report Initiated,2019-03-21
19-000266,Theft,03/08/19 1611,03/05/19 0000,03/08/19 1723,Bessey Hall,Recovered,2019-03-19
19-000266,Theft,3/8/2019 1611,3/5/2019,3/8/2019 1723,Bessey Hall,Recovered,2019-03-21
19-000266,Theft,3/8/2019 1611,3/5/2019 ,3/8/2019 1723,Bessey Hall,Recovered,2019-04-08
19-000267,Driving Violation,03/08/19 1929,03/08/19 1929,03/08/19 1929,Ash Avenue and Country Club Boulevard,Arrest,2019-03-19
19-000267,Driving Violation,3/8/2019 1929,3/8/2019 1929,3/8/2019 1929,Ash Avenue and Country Club Boulevard,Arrest,2019-03-21
19-000268,Public Intoxication,03/08/19 1930,03/08/19 1930,03/08/19 1930,Geoffroy Hall,Arrest,2019-03-19
19-000268,Public Intoxication,3/8/2019 1930,3/8/2019 1930,3/8/2019 1930,Geoffroy Hall,Arrest,2019-03-21
19-000269,Criminal Mischief,03/08/19 1951,03/08/19 1955,03/08/19 2010,Lot 50B,Report Initiated,2019-03-19
19-000269,Criminal Mischief,3/8/2019 1951,3/8/2019 1955,3/8/2019 2010,Lot 50B,Report Initiated,2019-03-21
19-000270,Alcohol Violation,03/08/19 2122,03/08/19 2122,03/08/19 2122,Ash Avenue and Gable Lane,Cited,2019-03-19
19-000270,Alcohol Violation,3/8/2019 2122,3/8/2019 2122,3/8/2019 2122,Ash Avenue and Gable Lane,Cited,2019-03-21
19-000271,Alcohol Violation,03/08/19 2226,03/08/19 2226,03/08/19 2226,Chamberlain Street and Welch Avenue,Cited,2019-03-19
19-000271,Alcohol Violation,3/8/2019 2226,3/8/2019 2226,3/8/2019 2226,Chamberlain Street and Welch Avenue,Cited,2019-03-21
19-000272,Alcohol Violation,03/08/19 2303,03/08/19 2303,03/08/19 2303,Chamberlain Street and Lynn Avenue,Cited,2019-03-19
19-000272,Alcohol Violation,3/8/2019 2303,3/8/2019 2303,3/8/2019 2303,Chamberlain Street and Lynn Avenue,Cited,2019-03-21
19-000273,Drug Violation,03/09/19 0014,03/09/19 0014,03/09/19 0014,Welch Hall,Arrest,2019-03-19
19-000273,Drug Violation,3/9/2019 0014,3/9/2019 0014,3/9/2019 0014,Welch Hall,Arrest,2019-03-21
19-000275,Public Intoxication,03/09/19 0215,03/09/19 0215,03/09/19 0215,Ames Intermodal Facility,Arrest,2019-03-19
19-000275,Public Intoxication,3/9/2019 0215,3/9/2019 0215,3/9/2019 0215,Ames Intermodal Facility,Arrest,2019-03-21
19-000276,Public Intoxication,03/09/19 0237,03/09/19 0237,03/09/19 0237,Lincoln Way and University Boulevard,Arrest,2019-03-19
19-000276,Public Intoxication,3/9/2019 0237,3/9/2019 0237,3/9/2019 0237,Lincoln Way and University Boulevard,Arrest,2019-03-21
19-000277,Public Intoxication,03/09/19 0402,03/09/19 0402,03/09/19 0402,Lot 62,Arrest,2019-03-19
19-000277,Public Intoxication,3/9/2019 0402,3/9/2019 0402,3/9/2019 0402,Lot 62,Arrest,2019-03-21
19-000279,Trespass,03/09/19 2200,03/09/19 2200,03/09/19 2200,Lot 67,Cited,2019-03-19
19-000279,Trespass,3/9/2019 2200,3/9/2019 2200,3/9/2019 2200,Lot 67,Cited,2019-03-21
19-000281,OWI,03/10/19 0043,03/10/19 0043,03/10/19 0043,Lincoln Way and Stanton Avenue,Arrest,2019-03-19
19-000281,OWI,3/10/2019 0043,3/10/2019 0043,3/10/2019 0043,Lincoln Way and Stanton Avenue,Arrest,2019-03-21
19-000283,OWI,03/10/19 0342,03/10/19 0342,03/10/19 0342,129 S. Duff Avenue,Arrest,2019-03-19
19-000283,OWI,3/10/2019 0342,3/10/2019 0342,3/10/2019 0342,129 S. Duff Avenue,Arrest,2019-03-21
19-000285,Burglary,03/11/19 1843,03/11/19 1015,03/11/19 1430,Hamilton Hall,Arrest,2019-03-19
19-000285,Burglary,3/11/2019 1843,3/11/2019 1015,3/11/2019 1430,Hamilton Hall,Arrest,2019-03-25
19-000286,Drug Violation,03/11/19 2315,03/11/19 2315,03/11/19 2315,Lyon Hall,Arrest,2019-03-19
19-000286,Drug Violation,3/11/2019 2315,3/11/2019 2315,3/11/2019 2315,Lyon Hall,Arrest,2019-03-25
19-000289,Theft,03/12/19 0830,03/07/19 1115,03/07/19 1130,Forker Building,Report Initiated,2019-03-19
19-000289,Theft,3/12/2019 0830,3/7/2019 1115,3/7/2019 1130,Forker Building,Report Initiated,2019-03-25
19-000290,Hit and Run,03/12/19 1431,,03/12/19 1431,Lot 23,Report Initiated,2019-03-19
19-000290,Hit and Run,3/12/2019 1431,,3/12/2019 1431,Lot 23,Report Initiated,2019-03-25
19-000290,Hit and Run,3/12/2019 1431, ,3/12/2019 1431,Lot 23,Report Initiated,2019-04-08
19-000292,Disorderly Conduct,03/12/19 1811,03/12/19 1811,03/12/19 1811,1800 Christensen Drive,Report Initiated,2019-03-19
19-000292,Disorderly Conduct,3/12/2019 1811,3/12/2019 1811,3/12/2019 1811,1800 Christensen Drive,Report Initiated,2019-03-25
19-000293,Theft,03/13/19 1049,,,Palmer Building,Report Initiated,2019-03-19
19-000293,Theft,3/13/2019 1049,,,Palmer Building,Report Initiated,2019-03-25
19-000293,Theft,3/13/2019 1049, , ,Palmer Building,Report Initiated,2019-04-08
19-000295,Driving Violation,03/14/19 0022,03/14/19 0022,03/14/19 0022,Knapp Street and Stanton Avenue,Cited,2019-03-19
19-000295,Driving Violation,3/14/2019 0022,3/14/2019 0022,3/14/2019 0022,Knapp Street and Stanton Avenue,Cited,2019-03-25
19-000296,Driving Violation,03/14/19 0153,03/14/19 0153,03/14/19 0153,,Arrest,2019-03-19
19-000296,Driving Violation,3/14/2019 0153,3/14/2019 0153,3/14/2019 0153,,Arrest,2019-03-25
19-000296,Driving Violation,3/14/2019 0153,3/14/2019 0153,3/14/2019 0153,Beach Avenue and Lincoln Way,Arrest,2019-04-05
19-000297,Harassment,03/14/19 0821,03/08/19 0000,03/14/19 0000,Online,Report Initiated,2019-03-19
19-000297,Harassment,3/14/2019 0821,3/8/2019,3/14/2019,Online,Report Initiated,2019-03-25
19-000297,Harassment,3/14/2019 0821,3/8/2019 ,3/14/2019 ,Online,Report Initiated,2019-04-08
19-000299,Harassment,03/14/19 1337,,03/14/19 0000,Town Engineering Building,Report Initiated,2019-03-19
19-000299,Harassment,3/14/2019 1337,,3/14/2019,Town Engineering Building,Report Initiated,2019-03-25
19-000299,Harassment,3/14/2019 1337, ,3/14/2019 ,Town Engineering Building,Report Initiated,2019-04-08
19-000300,Theft,03/14/19 1953,02/25/19 0000,03/14/19 0000,Legacy Tower,Report Initiated,2019-03-19
19-000300,Theft,3/14/2019 1953,2/25/2019,3/14/2019,Legacy Tower,Report Initiated,2019-03-25
19-000300,Theft,3/14/2019 1953,2/25/2019 ,3/14/2019 ,Legacy Tower,Report Initiated,2019-04-08
19-000301,Drug Violation,03/14/19 2243,03/14/19 2243,03/14/19 2243,Hawthorn Court Drive and Stange Road,Arrest,2019-03-19
19-000301,Drug Violation,3/14/2019 2243,3/14/2019 2243,3/14/2019 2243,Hawthorn Court Drive and Stange Road,Arrest,2019-03-25
19-000302,Disorderly Conduct,03/15/19 1027,03/15/19 1027,03/15/19 1027,Union Drive Community Center,Report Initiated,2019-03-19
19-000302,Disorderly Conduct,3/15/2019 1027,3/15/2019 1027,3/15/2019 1027,Union Drive Community Center,Report Initiated,2019-03-25
19-000304,Theft,03/15/19 1400,03/15/19 0130,03/15/19 1315,Buchanan Hall,Report Initiated,2019-03-19
19-000304,Theft,3/15/2019 1400,3/15/2019 0130,3/15/2019 1315,Buchanan Hall,Report Initiated,2019-03-25
19-000305,Sexual Assault,03/15/19 1322,03/09/19 0000,03/10/19 0000,Frederiksen Court,Report Initiated,2019-03-19
19-000305,Sexual Assault,3/15/2019 1322,3/9/2019,3/10/2019,Frederiksen Court,Report Initiated,2019-03-25
19-000305,Sexual Assault,3/15/2019 1322,3/9/2019 ,3/10/2019 ,Frederiksen Court,Report Initiated,2019-04-08
19-000306,OWI,3/16/2014 0019,3/16/2014 0019,3/16/2014 0019,Morrill Road and Union Drive,Arrest,2019-03-25
19-000307,Public Intoxication,03/17/19 0004,03/17/19 0004,03/17/19 0004,100 Welch Avenue,Arrest,2019-03-19
19-000309,Public Intoxication,03/17/19 0004,03/17/19 0004,03/17/19 0004,100 Welch Avenue,Arrest,2019-03-19
19-000309,Public Intoxication,3/17/2019 0004,3/17/2019 0004,3/17/2019 0004,100 Welch Avenue,Arrest,2019-03-25
19-000312,Drug Violation/Alcohol Violation,3/12/2019 2030,3/12/2019 2030,3/12/2019 2030,3515 Lincolnway,Arrest,2019-03-25
19-000313,Theft,3/22/2019 1329,3/21/2010 1700,3/22/2019 1030,Mackay Hall,Report Initiated,2019-03-25
19-000315,Sexual Assault,3/23/2018 0008,3/23/2018,3/23/2018 2300,Frederiksen Court,Report Initiated,2019-03-25
19-000315,Sexual Assault,3/23/2018 0008,3/23/2018 ,3/23/2018 2300,Frederiksen Court,Report Initiated,2019-04-08
19-000317,Alcohol Violation,3/23/2019 2241,3/23/2019 2241,3/23/2019 2241,Helser Hall,Cited,2019-03-25
19-000319,Drug Violation,3/24/2019 0011,3/24/2019 0011,3/24/2019 0011,3417 Lincoln Way,Arrest,2019-03-25
19-000325,Assault,3/26/2019 1402,3/26/2019,3/26/2019 1402,Gilman Hall,Arrest,2019-03-28
19-000325,Assault,3/26/2019 1402,3/26/2019 ,3/26/2019 1402,Gilman Hall,Arrest,2019-04-08
19-000326,Assault,3/26/2019 1733,3/26/2019,3/26/2019,Gilman Hall,Report Initiated,2019-03-28
19-000326,Assault,3/26/2019 1733,3/26/2019 ,3/26/2019 ,Gilman Hall,Report Initiated,2019-04-08
19-000330,Harassment,3/27/2019 1340,,3/27/2019,Hixson Lied Student Success Center,Report Initiated,2019-03-28
19-000330,Harassment,3/27/2019 1340, ,3/27/2019 ,Hixson Lied Student Success Center,Report Initiated,2019-04-08
19-000334,Driving Violation/Drug Violation,3/27/2019 2249,3/27/2019 2249,3/27/2019 2249,Dotson Drive and Lincoln Way,Arrest,2019-03-28
19-000335,Drug Violation,3/27/2019 2254,3/27/2019 2254,3/27/2019 2254,Lot 63,Cited,2019-03-28
19-000336,Driving Violation/Drug Violation,3/27/2019 2231,3/27/2019 2231,3/27/2019 2231,13th Street and Haber Road,Arrest,2019-03-28
19-000338,Public Intoxication,3/28/2019 0225,3/28/2019 0225,3/28/2019 0225,Lincoln Way and University Boulevard,Arrest,2019-03-28
19-000339,Fraud,3/28/2019 0919,3/25/2019,3/25/2019,Online,Report Initiated,2019-04-01
19-000339,Fraud,3/28/2019 0919,3/25/2019 ,3/25/2019 ,Online,Report Initiated,2019-04-08
19-000340,Harassment,3/28/2019 1019,1/31/2019,3/26/2019,Martin Hall,Report Initiated,2019-04-01
19-000340,Harassment,3/28/2019 1019,1/31/2019 ,3/26/2019 ,Martin Hall,Report Initiated,2019-04-08
19-000341,Drug Violation,3/28/2019 2310,3/28/2019 2310,3/28/2019 2310,Mortensen Road and South Dakota Avenue,Arrest,2019-04-01
19-000342,Theft,3/29/2019 1415,3/29/2019 1205,3/29/2019 1245,Friley Hall,Report Initiated,2019-04-01
19-000344,Alcohol Violation,3/29/2019 2150,3/29/2019 2150,3/29/2019 2150,Ames Intermodal Facility,Arrest,2019-04-01
19-000345,Public Intoxication,3/30/2019 0108,3/30/2019 0108,3/30/2019 0108,Lot 67,Arrest,2019-04-01
19-000346,Criminal Mischief,3/30/2019 1658,3/29/2019 2200,3/30/2019 1015,Lot 112A,Report Initiated,2019-04-01
19-000347,Public Intoxication,3/30/2019 1907,3/30/2019 1907,3/30/2019 1907,Hayward Avenue and Little Street,Arrest,2019-04-01
19-000349,Drug Violation,3/30/2019 2210,3/30/2019 2210,3/30/2019 2210,Lot 63,Arrest,2019-04-01
19-000350,OWI,3/31/2019 0207,3/31/2019 0207,3/31/2019 0207,Mortensen Road and State Avenue,Arrest,2019-04-01
19-000354,Assault,4/1/2019 1713,4/1/2019 1600,4/1/2019 1600,2623 Bruner Drive,Report Initiated,2019-04-05
19-000355,Hit and Run Personal Injury,4/1/2019 2014,4/1/2019 2005,4/1/2019 2005,224-C2100 Beach Road,Report Initiated,2019-04-05
19-000356,Theft,4/1/2019 2352,4/1/2019 2100,4/1/2019 2200,Lot 63,Report Initiated,2019-04-05
19-000358,Criminal Mischief,4/3/2019 1100,3/24/2019,4/3/2019,Helser Hall,Report Initiated,2019-04-05
19-000358,Criminal Mischief,4/3/2019 1100,3/24/2019 ,4/3/2019 ,Helser Hall,Report Initiated,2019-04-08
19-000360,Theft from Motor Vehicle,4/3/2019 1529,4/2/2019 1430,4/3/2019 1430,Lot 112B,Report Initiated,2019-04-05
19-000363,Theft,4/3/2019 1927,3/25/2019 1300,3/25/2019 1500,Carver Hall,Report Initiated,2019-04-05
19-000365,Theft,4/4/2019 1443,,4/4/2019,Roberts Hall,Report Initiated,2019-04-05
19-000365,Theft,4/4/2019 1443, ,4/4/2019 ,Roberts Hall,Report Initiated,2019-04-08
19-000366,OWI,4/5/2019 0127,4/5/2019 0127,4/5/2019 0127,Ash Avenue and Knapp Street,Arrest,2019-04-05
19-0004,Sexual Assault,03/12/19 0000,03/09/19 0000,03/09/19 0000,Frederiksen Court,Assigned - Other,2019-03-19
19-0004,Sexual Assault,3/12/2019,3/9/2019,3/9/2019,Frederiksen Court,Assigned - Other,2019-03-25
19-0004,Sexual Assault,3/12/2019 ,3/9/2019 ,3/9/2019 ,Frederiksen Court,Assigned - Other,2019-04-08
19-0005,Stalking,3/27/2019,,3/27/2019,Various Locations,Assigned - Other,2019-04-01
19-0005,Stalking,3/27/2019 , ,3/27/2019 ,Various Locations,Assigned - Other,2019-04-08
19-001,Harassment,01/22/19 0000,01/18/19 0000,01/18/19 0000,Memorial Union,Assigned - Other,2019-03-19
19-001,Harassment,1/22/2019,1/18/2019,1/18/2019,Memorial Union,Assigned - Other,2019-03-21
19-002,Harassment,02/01/19 0000,01/30/19 0000,02/01/19 0000,Various Locations,Assigned - Other,2019-03-19
19-002,Harassment,2/1/2019,1/30/2019,2/1/2019,Various Locations,Assigned - Other,2019-03-21
19-003,Stalking,02/25/19 0000,,02/25/19 0000,Martin Hall,Assigned - Other,2019-03-19
19-003,Stalking,2/25/2019,,2/25/2019,Martin Hall,Assigned - Other,2019-03-21
19-003,Stalking,2/25/2019 , ,2/25/2019 ,Martin Hall,Assigned - Other,2019-04-08
